COL_0,COL_1,COL_2,COL_3,COL_4,COL_5,COL_6,COL_7
000000000000000,111111111111111,222222222222222,333333333333333,444444444444444,555555555555555,666666666666666,777777777777777
000000000000000,111111111111111,222222222222222,333333333333333,444444444444444,555555555555555,666666666666666,777777777777777
000000000000000,111111111111111,222222222222222,333333333333333,444444444444444,555555555555555,666666666666666,777777777777777
000000000000000,111111111111111,222222222222222,333333333333333,444444444444444,555555555555555,666666666666666,777777777777777
000000000000000,111111111111111,222222222222222,333333333333333,444444444444444,555555555555555,666666666666666,777777777777777
000000000000000,111111111111111,222222222222222,333333333333333,444444444444444,555555555555555,666666666666666,777777777777777
000000000000000,111111111111111,222222222222222,333333333333333,444444444444444,555555555555555,666666666666666,777777777777777
000000000000000,111111111111111,222222222222222,333333333333333,444444444444444,555555555555555,666666666666666,777777777777777
000000000000000,111111111111111,222222222222222,333333333333333,444444444444444,555555555555555,666666666666666,777777777777777
000000000000000,111111111111111,222222222222222,333333333333333,444444444444444,555555555555555,666666666666666,777777777777777
000000000000000,111111111111111,222222222222222,333333333333333,444444444444444,555555555555555,666666666666666,777777777777777
000000000000000,111111111111111,222222222222222,333333333333333,444444444444444,555555555555555,666666666666666,777777777777777
000000000000000,111111111111111,222222222222222,333333333333333,444444444444444,555555555555555,666666666666666,777777777777777
000000000000000,111111111111111,222222222222222,333333333333333,444444444444444,555555555555555,666666666666666,777777777777777
000000000000000,111111111111111,222222222222222,333333333333333,444444444444444,555555555555555,666666666666666,777777777777777
000000000000000,111111111111111,222222222222222,333333333333333,444444444444444,555555555555555,666666666666666,777777777777777
